アクティビティID,アクティビティ実行日,アクティビティ名,アクティビティタイプ,アクティビティの説明,経過時間,距離,最大心拍数,相対的エフォート,通勤,アクティビティギア,ファイル名,アスリート体重,自転車重量,経過時間,移動時間,距離,最高速度,平均速度,獲得標高,獲得標高（下り）,最低標高,最高標高,最大勾配,平均勾配,平均プラス勾配,平均マイナス勾配,最大ケイデンス,平均ケイデンス,最大心拍数,平均心拍数,最大ワット,平均ワット,カロリー,最高気温,平均気温,相対的エフォート,合計運動量,ラン数,上り坂のタイム,下り坂のタイム,その他のタイム,主観的運動強度,"<span class=""translation_missing"" title=""translation missing: ja-JP.lib.export.portability_exporter.activities.horton_values.type"">Type</span>","<span class=""translation_missing"" title=""translation missing: ja-JP.lib.export.portability_exporter.activities.horton_values.start_time"">Start Time</span>",加重平均パワー,パワーカウント,主観的運動強度を使用する,主観的相対的エフォート,通勤,総重量,アップロードより,Grade Adjusted Pace,観測時刻,天候,平均気温,体感温度,露点,湿度,気圧,風速,瞬間風速,風向,降水量,日の入,日の出,月齢,自転車,ギア,降水確率,降水タイプ,雲量,視程,UV指数,オゾン情報,"<span class=""translation_missing"" title=""translation missing: ja-JP.lib.export.portability_exporter.activities.horton_values.jump_count"">Jump Count</span>","<span class=""translation_missing"" title=""translation missing: ja-JP.lib.export.portability_exporter.activities.horton_values.total_grit"">Total Grit</span>","<span class=""translation_missing"" title=""translation missing: ja-JP.lib.export.portability_exporter.activities.horton_values.avg_flow"">Avg Flow</span>","<span class=""translation_missing"" title=""translation missing: ja-JP.lib.export.portability_exporter.activities.horton_values.flagged"">Flagged</span>","<span class=""translation_missing"" title=""translation missing: ja-JP.lib.export.portability_exporter.activities.horton_values.avg_elapsed_speed"">Avg Elapsed Speed</span>","<span class=""translation_missing"" title=""translation missing: ja-JP.lib.export.portability_exporter.activities.horton_values.dirt_distance"">Dirt Distance</span>","<span class=""translation_missing"" title=""translation missing: ja-JP.lib.export.portability_exporter.activities.horton_values.newly_explored_distance"">Newly Explored Distance</span>","<span class=""translation_missing"" title=""translation missing: ja-JP.lib.export.portability_exporter.activities.horton_values.newly_explored_dirt_distance"">Newly Explored Dirt Distance</span>","<span class=""translation_missing"" title=""translation missing: ja-JP.lib.export.portability_exporter.activities.horton_values.sport_type"">Sport Type</span>"
7243296387,2022/06/02 14:31:33,1日目,ランニング,きつい,1327,3.28,,,false,,activities/7243296387.gpx,,,1327.0,1323.0,3280.610107421875,4.105999946594238,2.479675054550171,0.0,-0.10000000149011612,3.700000047683716,5.300000190734863,5.534031867980957,0.003048213431611657,,,,,,,,,,,,,,,,,,,,,,,0.0,,0.0,,1.0,3284.39990234375,,,,,,,,,,,,,,,,,,,,,,,,,,0.0,2.472200632095337,109.0999984741211,,,
7248426506,2022/06/03 14:04:05,2日目,ランニング,,960,2.34,,,false,,activities/7248426506.gpx,,,960.0,957.0,2346.8798828125,3.5,2.4523301124572754,3.31538462638855,3.7153847217559814,4.5,8.5,6.890611171722412,-0.017043905332684517,,,,,,,,,,,,,,,,,,,,,,,0.0,,0.0,,1.0,2357.10009765625,,,,,,,,,,,,,,,,,,,,,,,,,,0.0,2.444666624069214,0.0,,,
7264283895,2022/06/06 13:02:53,夜のランニング,ランニング,,597,1.67,,,false,,activities/7264283895.gpx,,,597.0,594.0,1670.3299560546875,3.872000217437744,2.8120033740997314,2.017916679382324,0.4179166555404663,4.5,6.800000190734863,3.159564256668091,0.09578945487737656,,,,,,,,,,,,,,,,,,,,,,,0.0,,0.0,,1.0,1675.699951171875,,,,,,,,,,,,,,,,,,,,,,,,,,0.0,2.797872543334961,116.9000015258789,,,
7269654455,2022/06/07 13:06:11,夜のランニング,ランニング,,1181,3.23,,,false,,activities/7269654455.gpx,,,1181.0,1181.0,3232.27001953125,4.108007907867432,2.7368924617767334,0.0,3.0999999046325684,4.300000190734863,8.100000381469727,1.5760362148284912,-0.09590782970190048,,,,,,,,,,,,,,,,,,,,,,,0.0,,0.0,,1.0,3228.300048828125,,,,,,,,,,,,,,,,,,,,,,,,,,0.0,2.7368924617767334,94.5999984741211,,,
7275061962,2022/06/08 13:03:09,夜のランニング,ランニング,,1109,3.03,,,false,,activities/7275061962.gpx,,,1109.0,1102.0,3030.800048828125,4.458001613616943,2.750272274017334,9.982565879821777,10.582566261291504,2.5999999046325684,11.800000190734863,11.503713607788086,-0.01979675330221653,,,,,,,,,,,,,,,,,,,,,,,0.0,,0.0,,1.0,3068.199951171875,,,,,,,,,,,,,,,,,,,,,,,,,,0.0,2.732912540435791,67.9000015258789,,,
7280230418,2022/06/09 12:55:38,夜のランニング,ランニング,,1100,3.06,,,false,,activities/7280230418.gpx,,,1100.0,1100.0,3063.06005859375,4.522021293640137,2.784600019454956,0.0,0.20000000298023224,4.5,5.300000190734863,2.4095535278320312,-0.006529418285936117,,,,,,,,,,,,,,,,,,,,,,,0.0,,0.0,,1.0,3064.10009765625,,,,,,,,,,,,,,,,,,,,,,,,,,0.0,2.784600019454956,50.29999923706055,,,
7283060123,2022/06/09 23:50:44,朝のランニング,ランニング,,546,1.54,,,false,,activities/7283060123.gpx,,,546.0,546.0,1540.97998046875,3.7539992332458496,2.822307586669922,0.0,0.20000000298023224,4.800000190734863,5.300000190734863,0.9560264945030212,-0.012978754006326199,,,,,,,,,,,,,,,,,,,,,,,0.0,,0.0,,1.0,1541.0999755859375,,,,,,,,,,,,,,,,,,,,,,,,,,0.0,2.822307586669922,0.0,,,
7301626315,2022/06/13 12:20:58,夜のランニング,ランニング,,1529,4.23,,,false,,activities/7301626315.gpx,,,1529.0,1529.0,4232.93994140625,4.139996528625488,2.768436908721924,3.200000047683716,3.5,4.199999809265137,7.5,4.905389308929443,-0.007087272591888905,,,,,,,,,,,,,,,,,,,,,,,0.0,,0.0,,1.0,4237.5,,,,,,,,,,,,,,,,,,,,,,,,,,0.0,2.768436908721924,56.0,,,
7313077414,2022/06/15 13:49:24,夜のランニング,ランニング,,1820,5.03,,,false,,activities/7313077414.gpx,,,1820.0,1820.0,5031.1201171875,4.331999778747559,2.7643516063690186,9.126511573791504,9.126511573791504,0.0,7.5,41.60706329345703,0.0,,,,,,,,,,,,,,,,,,,,,,,0.0,,0.0,,1.0,5097.10009765625,,,,,,,,,,,,,,,,,,,,,,,,,,0.0,2.7643516063690186,0.0,,,
7329134878,2022/06/18 13:48:29,夜のランニング,ランニング,,1828,4.35,,,false,,activities/7329134878.gpx,,,1828.0,1828.0,4355.81982421875,3.482006788253784,2.38283371925354,0.0,0.0,4.199999809265137,5.300000190734863,1.6542811393737793,0.0,,,,,,,,,,,,,,,,,,,,,,,0.0,,0.0,,1.0,4357.60009765625,,,,,,,,,,,,,,,,,,,,,,,,,,0.0,2.38283371925354,110.19999694824219,,,
7339897416,2022/06/20 15:41:42,夜のランニング,ランニング,,1833,4.46,,,false,,activities/7339897416.gpx,,,1833.0,1833.0,4460.16015625,4.348333358764648,2.4332571029663086,0.0,0.0,4.199999809265137,5.300000190734863,1.6680240631103516,0.0,,,,,,,,,,,,,,,,,,,,,,,0.0,,0.0,,1.0,4462.0,,,,,,,,,,,,,,,,,,,,,,,,,,0.0,2.4332571029663086,105.69999694824219,,,
7350450774,2022/06/22 13:17:22,夜のランニング,ランニング,,1814,4.57,,,false,,activities/7350450774.gpx,,,1814.0,1814.0,4574.81982421875,3.99399995803833,2.52195143699646,0.0,-0.10000000149011612,4.199999809265137,5.300000190734863,1.4140961170196533,0.0021858783438801765,,,,,,,,,,,,,,,,,,,,,,,0.0,,0.0,,1.0,4576.39990234375,,,,,,,,,,,,,,,,,,,,,,,,,,0.0,2.52195143699646,114.19999694824219,,,
7360659413,2022/06/24 12:13:02,夜のランニング,ランニング,,1816,4.51,,,false,,activities/7360659413.gpx,,,1816.0,1816.0,4511.16015625,4.304003715515137,2.484118938446045,0.0,0.8999999761581421,3.5,5.300000190734863,3.201667547225952,-0.019950522109866142,,,,,,,,,,,,,,,,,,,,,,,0.0,,0.0,,1.0,4512.60009765625,,,,,,,,,,,,,,,,,,,,,,,,,,0.0,2.484118938446045,71.4000015258789,,,
7365473854,2022/06/25 11:33:47,夕方のランニング,ランニング,,1813,4.57,,,false,,activities/7365473854.gpx,,,1813.0,1813.0,4575.81005859375,3.681999921798706,2.52388858795166,0.0,0.0,4.199999809265137,5.300000190734863,1.0459330081939697,0.0,,,,,,,,,,,,,,,,,,,,,,,0.0,,0.0,,1.0,4577.10009765625,,,,,,,,,,,,,,,,,,,,,,,,,,0.0,2.52388858795166,112.5,,,
7376378455,2022/06/27 12:24:26,夜のランニング,ランニング,,1817,4.73,,,false,,activities/7376378455.gpx,,,1817.0,1817.0,4734.31982421875,4.185986518859863,2.60556960105896,0.0,0.30000001192092896,4.199999809265137,5.300000190734863,1.7376548051834106,-0.0063367076218128204,,,,,,,,,,,,,,,,,,,,,,,0.0,,0.0,,1.0,4735.7998046875,,,,,,,,,,,,,,,,,,,,,,,,,,0.0,2.60556960105896,115.5999984741211,,,
7387956021,2022/06/29 14:56:28,夜のランニング,ランニング,,1809,4.71,,,false,,activities/7387956021.gpx,,,1809.0,1806.0,4710.18017578125,4.043993949890137,2.6080732345581055,0.0,0.10000000149011612,4.199999809265137,5.300000190734863,1.8206467628479004,-0.00212306110188365,,,,,,,,,,,,,,,,,,,,,,,0.0,,0.0,,1.0,4711.7998046875,,,,,,,,,,,,,,,,,,,,,,,,,,0.0,2.603748083114624,57.099998474121094,,,
7392290557,2022/06/30 11:13:04,夕方のランニング,ランニング,,1809,4.59,,,false,,activities/7392290557.gpx,,,1809.0,1809.0,4593.0302734375,3.6760010719299316,2.5389885902404785,0.0,0.20000000298023224,4.199999809265137,5.300000190734863,1.7211530208587646,-0.004354423843324184,,,,,,,,,,,,,,,,,,,,,,,0.0,,0.0,,1.0,4594.2998046875,,,,,,,,,,,,,,,,,,,,,,,,,,0.0,2.5389885902404785,159.10000610351562,,,
7409305450,2022/07/03 14:50:06,夜のランニング,ランニング,,1812,4.68,,,false,,activities/7409305450.gpx,,,1812.0,1812.0,4684.77978515625,3.7200074195861816,2.5854194164276123,0.0,0.10000000149011612,4.199999809265137,5.300000190734863,1.4814814329147339,-0.0021345720160752535,,,,,,,,,,,,,,,,,,,,,,,0.0,,0.0,,1.0,4685.89990234375,,,,,,,,,,,,,,,,,,,,,,,,,,0.0,2.5854194164276123,129.39999389648438,,,
7413165024,2022/07/04 11:40:34,夕方のランニング,ランニング,,1812,4.85,,,false,,activities/7413165024.gpx,,,1812.0,1809.0,4852.06005859375,4.25,2.682178020477295,0.0,0.20000000298023224,4.199999809265137,5.300000190734863,1.5961965322494507,-0.004121960606426001,,,,,,,,,,,,,,,,,,,,,,,0.0,,0.0,,1.0,4853.5,,,,,,,,,,,,,,,,,,,,,,,,,,0.0,2.677737236022949,56.900001525878906,,,
7425020196,2022/07/06 14:41:59,夜のランニング,ランニング,,1807,4.90,,,false,,activities/7425020196.gpx,,,1807.0,1807.0,4905.02001953125,4.367016792297363,2.7144548892974854,6.758170127868652,7.858170032501221,3.700000047683716,7.5,4.836795330047607,-0.022426003590226173,,,,,,,,,,,,,,,,,,,,,,,0.0,,0.0,,1.0,4914.2001953125,,,,,,,,,,,,,,,,,,,,,,,,,,0.0,2.7144548892974854,65.19999694824219,,,
7430447429,2022/07/07 14:56:33,夜のランニング,ランニング,,1280,3.43,,,false,,activities/7430447429.gpx,,,1280.0,1280.0,3431.2900390625,4.493994235992432,2.6806952953338623,0.0,0.0,4.199999809265137,5.300000190734863,2.572864294052124,0.0,,,,,,,,,,,,,,,,,,,,,,,0.0,,0.0,,1.0,3433.199951171875,,,,,,,,,,,,,,,,,,,,,,,,,,0.0,2.6806952953338623,0.0,,,
7445991866,2022/07/10 13:03:18,夜のランニング,ランニング,,1378,3.77,,,false,,activities/7445991866.gpx,,,1378.0,1378.0,3771.610107421875,3.7920165061950684,2.7370173931121826,0.0,0.0,4.199999809265137,5.300000190734863,1.3328994512557983,0.0,,,,,,,,,,,,,,,,,,,,,,,0.0,,0.0,,1.0,3773.10009765625,,,,,,,,,,,,,,,,,,,,,,,,,,0.0,2.7370173931121826,12.300000190734863,,,
7451195483,2022/07/11 13:25:03,夜のランニング,ランニング,,1806,4.56,,,false,,activities/7451195483.gpx,,,1806.0,1806.0,4562.2900390625,3.8309998512268066,2.5261850357055664,0.0,-0.10000000149011612,4.199999809265137,5.300000190734863,1.4930922985076904,0.002191881649196148,,,,,,,,,,,,,,,,,,,,,,,0.0,,0.0,,1.0,4564.10009765625,,,,,,,,,,,,,,,,,,,,,,,,,,0.0,2.5261850357055664,121.0,,,
7457058573,2022/07/12 14:50:13,夜のランニング,ランニング,,1818,4.60,,,false,,activities/7457058573.gpx,,,1818.0,1814.0,4601.89013671875,4.374000072479248,2.536874294281006,0.0,0.30000001192092896,4.199999809265137,5.300000190734863,1.9065794944763184,-0.006519060581922531,,,,,,,,,,,,,,,,,,,,,,,0.0,,0.0,,1.0,4603.10009765625,,,,,,,,,,,,,,,,,,,,,,,,,,0.0,2.531292676925659,95.69999694824219,,,
7462278864,2022/07/13 13:21:51,夜のランニング,ランニング,,1868,4.73,,,false,,activities/7462278864.gpx,,,1868.0,1865.0,4729.3798828125,4.354000091552734,2.535860538482666,0.0,0.20000000298023224,4.199999809265137,5.300000190734863,1.6286282539367676,-0.004228884354233742,,,,,,,,,,,,,,,,,,,,,,,0.0,,0.0,,1.0,4730.7998046875,,,,,,,,,,,,,,,,,,,,,,,,,,0.0,2.531787872314453,54.29999923706055,,,
7473190061,2022/07/15 14:15:13,夜のランニング,ランニング,,1251,3.38,,,false,,activities/7473190061.gpx,,,1251.0,1251.0,3381.43994140625,3.7660155296325684,2.7029895782470703,0.0,0.0,4.400000095367432,5.300000190734863,1.4347010850906372,0.0,,,,,,,,,,,,,,,,,,,,,,,0.0,,0.0,,1.0,3382.699951171875,,,,,,,,,,,,,,,,,,,,,,,,,,0.0,2.7029895782470703,115.0,,,
7494362786,2022/07/19 14:19:43,夜のランニング,ランニング,,1459,3.78,,,false,,activities/7494362786.gpx,,,1459.0,1456.0,3785.659912109375,4.021999835968018,2.600041151046753,0.0,0.0,4.199999809265137,5.300000190734863,1.477127194404602,0.0,,,,,,,,,,,,,,,,,,,,,,,0.0,,0.0,,1.0,3787.10009765625,,,,,,,,,,,,,,,,,,,,,,,,,,0.0,2.5946948528289795,0.0,,,
7502786336,2022/07/21 3:43:13,ランチタイム ランニング,ランニング,,1845,5.02,,,false,,activities/7502786336.gpx,,,1845.0,1845.0,5026.10986328125,4.065000057220459,2.7241787910461426,0.0,0.20000000298023224,4.199999809265137,5.300000190734863,1.5432145595550537,-0.003979220520704985,,,,,,,,,,,,,,,,,,,,,,,0.0,,0.0,,1.0,5027.60009765625,,,,,,,,,,,,,,,,,,,,,,,,,,0.0,2.7241787910461426,59.5,,,
7510212146,2022/07/22 13:53:40,夜のランニング,ランニング,,1877,5.01,,,false,,activities/7510212146.gpx,,,1877.0,1877.0,5014.4501953125,4.137988090515137,2.6715238094329834,0.0,0.20000000298023224,4.199999809265137,5.300000190734863,1.6386622190475464,-0.0039884732104837894,,,,,,,,,,,,,,,,,,,,,,,0.0,,0.0,,1.0,5016.2998046875,,,,,,,,,,,,,,,,,,,,,,,,,,0.0,2.6715238094329834,58.5,,,
7512925940,2022/07/23 4:38:19,午後のランニング,ランニング,,1074,3.01,,,false,,activities/7512925940.gpx,,,1074.0,1071.0,3013.280029296875,4.772000312805176,2.8135201930999756,0.0,-0.10000000149011612,4.400000095367432,5.300000190734863,1.2560211420059204,0.003318642731755972,,,,,,,,,,,,,,,,,,,,,,,0.0,,0.0,,1.0,3014.5,,,,,,,,,,,,,,,,,,,,,,,,,,0.0,2.805661201477051,3.299999952316284,,,
7526475770,2022/07/25 14:52:47,夜のランニング,ランニング,,1876,5.01,,,false,,activities/7526475770.gpx,,,1876.0,1866.0,5013.330078125,8.362011909484863,2.6866719722747803,0.0,1.0,3.9000000953674316,6.0,3.9370229244232178,-0.01994682103395462,,,,,,,,,,,,,,,,,,,,,,,0.0,,0.0,,1.0,5014.89990234375,,,,,,,,,,,,,,,,,,,,,,,,,,0.0,2.6723508834838867,66.80000305175781,,,
7531251330,2022/07/26 12:35:23,夜のランニング,ランニング,,1869,5.02,,,false,,activities/7531251330.gpx,,,1869.0,1869.0,5020.7998046875,4.5419921875,2.68635630607605,0.0,0.20000000298023224,4.199999809265137,5.300000190734863,1.6461037397384644,-0.003983429167419672,,,,,,,,,,,,,,,,,,,,,,,0.0,,0.0,,1.0,5021.89990234375,,,,,,,,,,,,,,,,,,,,,,,,,,0.0,2.68635630607605,55.099998474121094,,,
7535980596,2022/07/27 9:13:55,夕方のランニング,ランニング,,1022,2.83,,,false,,activities/7535980596.gpx,,,1022.0,1022.0,2830.280029296875,4.123999118804932,2.7693543434143066,0.0,-0.4000000059604645,4.5,5.400000095367432,3.095975160598755,0.014132876880466938,,,,,,,,,,,,,,,,,,,,,,,0.0,,0.0,,1.0,2831.89990234375,,,,,,,,,,,,,,,,,,,,,,,,,,0.0,2.7693543434143066,83.5,,,
7545695727,2022/07/28 23:50:59,朝のランニング,ランニング,,742,2.10,,,false,,activities/7545695727.gpx,,,742.0,742.0,2107.2900390625,4.18798828125,2.8400135040283203,0.0,1.2999999523162842,4.5,6.5,1.4482197761535645,-0.06169060617685318,,,,,,,,,,,,,,,,,,,,,,,0.0,,0.0,,1.0,2105.89990234375,,,,,,,,,,,,,,,,,,,,,,,,,,0.0,2.8400135040283203,11.199999809265137,,,
7566856688,2022/08/01 22:26:42,朝のランニング,ランニング,,1566,4.12,,,false,,activities/7566856688.gpx,,,1566.0,1566.0,4122.72021484375,3.8239998817443848,2.632643699645996,3.0,3.0,4.199999809265137,7.300000190734863,3.4497532844543457,0.0,,,,,,,,,,,,,,,,,,,,,,,0.0,,0.0,,1.0,4125.7998046875,,,,,,,,,,,,,,,,,,,,,,,,,,0.0,2.632643699645996,22.100000381469727,,,
7572709376,2022/08/02 22:17:12,朝のランニング,ランニング,,1700,4.44,,,false,,activities/7572709376.gpx,,,1700.0,1700.0,4446.56005859375,3.764000654220581,2.6156234741210938,3.0,3.9000000953674316,4.199999809265137,7.300000190734863,4.754360198974609,-0.020240364596247673,,,,,,,,,,,,,,,,,,,,,,,0.0,,0.0,,1.0,4448.7001953125,,,,,,,,,,,,,,,,,,,,,,,,,,0.0,2.6156234741210938,61.599998474121094,,,
7578688645,2022/08/03 23:17:35,朝のランニング,ランニング,,1413,3.80,,,false,,activities/7578688645.gpx,,,1413.0,1413.0,3801.10009765625,4.177978515625,2.690092086791992,0.0,0.0,4.199999809265137,5.300000190734863,1.4630661010742188,0.0,,,,,,,,,,,,,,,,,,,,,,,0.0,,0.0,,1.0,3802.60009765625,,,,,,,,,,,,,,,,,,,,,,,,,,0.0,2.690092086791992,0.0,,,
7614475100,2022/08/10 12:08:24,夜のランニング,ランニング,,1805,4.56,,,false,,activities/7614475100.gpx,,,1805.0,1805.0,4563.8798828125,3.731982469558716,2.5284652709960938,8.794166564941406,9.194167137145996,3.700000047683716,7.5,5.329268932342529,-0.008764472790062428,,,,,,,,,,,,,,,,,,,,,,,0.0,,0.0,,1.0,4573.39990234375,,,,,,,,,,,,,,,,,,,,,,,,,,0.0,2.5284652709960938,3.4000000953674316,,,
7620128418,2022/08/11 12:26:48,夜のランニング,ランニング,,1910,5.01,,,false,,activities/7620128418.gpx,,,1910.0,1904.0,5010.0400390625,5.266666412353516,2.6313235759735107,8.828758239746094,8.828758239746094,3.700000047683716,7.5,4.948055267333984,0.0,,,,,,,,,,,,,,,,,,,,,,,0.0,,0.0,,1.0,5021.2998046875,,,,,,,,,,,,,,,,,,,,,,,,,,0.0,2.6230576038360596,0.0,,,
7623819249,2022/08/12 4:55:12,午後のランニング,ランニング,,1043,3.01,,,false,,activities/7623819249.gpx,,,1043.0,1043.0,3013.830078125,3.9840087890625,2.889578104019165,3.7133333683013916,4.313333511352539,4.5,8.300000190734863,10.490843772888184,-0.019908223301172256,,,,,,,,,,,,,,,,,,,,,,,0.0,,0.0,,1.0,3021.10009765625,,,,,,,,,,,,,,,,,,,,,,,,,,0.0,2.889578104019165,41.20000076293945,,,
7631068993,2022/08/13 12:57:07,夜のランニング,ランニング,,1950,5.02,,,false,,activities/7631068993.gpx,,,1950.0,1947.0,5024.25,3.810009717941284,2.5805084705352783,11.890947341918945,10.390947341918945,3.700000047683716,7.5,5.468478679656982,0.02985520288348198,,,,,,,,,,,,,,,,,,,,,,,0.0,,0.0,,1.0,5039.39990234375,,,,,,,,,,,,,,,,,,,,,,,,,,0.0,2.576538562774658,0.0,,,
7641960645,2022/08/15 12:31:44,夜のランニング,ランニング,,1915,5.02,,,false,,activities/7641960645.gpx,,,1915.0,1915.0,5025.35986328125,4.761962890625,2.624208688735962,8.771269798278809,8.771269798278809,3.700000047683716,7.5,5.00417423248291,0.0,,,,,,,,,,,,,,,,,,,,,,,0.0,,0.0,,1.0,5036.2998046875,,,,,,,,,,,,,,,,,,,,,,,,,,0.0,2.624208688735962,0.0,,,
7648192350,2022/08/16 14:54:11,夜のランニング,ランニング,,1768,5.01,,,false,,activities/7648192350.gpx,,,1768.0,1768.0,5011.9599609375,4.300000190734863,2.8348190784454346,0.0,1.5,4.199999809265137,6.400000095367432,1.5302138328552246,-0.029928412288427353,,,,,,,,,,,,,,,,,,,,,,,0.0,,0.0,,1.0,5011.39990234375,,,,,,,,,,,,,,,,,,,,,,,,,,0.0,2.8348190784454346,117.4000015258789,,,
7653674965,2022/08/17 14:01:30,夜のランニング,ランニング,,1764,5.01,,,false,,activities/7653674965.gpx,,,1764.0,1759.0,5011.60986328125,3.8379883766174316,2.8491244316101074,0.0,2.0,4.199999809265137,6.800000190734863,1.3404896259307861,-0.03990733623504639,,,,,,,,,,,,,,,,,,,,,,,0.0,,0.0,,1.0,5010.39990234375,,,,,,,,,,,,,,,,,,,,,,,,,,0.0,2.8410487174987793,125.69999694824219,,,
7659050860,2022/08/18 13:50:05,夜のランニング,ランニング,,909,2.70,,,false,,activities/7659050860.gpx,,,909.0,909.0,2701.169921875,4.2760009765625,2.9715840816497803,0.0,0.0,4.5,5.300000190734863,1.4285776615142822,0.0,,,,,,,,,,,,,,,,,,,,,,,0.0,,0.0,,1.0,2702.10009765625,,,,,,,,,,,,,,,,,,,,,,,,,,0.0,2.9715840816497803,0.0,,,
7666635647,2022/08/19 23:30:27,朝のランニング,ランニング,,1131,3.21,,,false,,activities/7666635647.gpx,,,1131.0,1131.0,3216.919921875,4.205999851226807,2.8443148136138916,3.0,1.0,4.300000190734863,7.300000190734863,3.0256693363189697,0.062171269208192825,,,,,,,,,,,,,,,,,,,,,,,0.0,,0.0,,1.0,3223.60009765625,,,,,,,,,,,,,,,,,,,,,,,,,,0.0,2.8443148136138916,0.0,,,
7680949783,2022/08/22 14:14:45,夜のランニング,ランニング,,1803,5.01,,,false,,activities/7680949783.gpx,,,1803.0,1803.0,5010.1201171875,4.557999610900879,2.77876877784729,3.0999999046325684,4.699999809265137,4.199999809265137,7.300000190734863,2.837916135787964,-0.03193536028265953,,,,,,,,,,,,,,,,,,,,,,,0.0,,0.0,,1.0,5010.7998046875,,,,,,,,,,,,,,,,,,,,,,,,,,0.0,2.77876877784729,128.0,,,
7686448306,2022/08/23 13:55:46,夜のランニング,ランニング,,1221,3.39,,,false,,activities/7686448306.gpx,,,1221.0,1221.0,3393.39990234375,3.840014696121216,2.7791972160339355,0.0,1.100000023841858,4.199999809265137,6.0,1.6652776002883911,-0.03241586685180664,,,,,,,,,,,,,,,,,,,,,,,0.0,,0.0,,1.0,3393.199951171875,,,,,,,,,,,,,,,,,,,,,,,,,,0.0,2.7791972160339355,3.200000047683716,,,
7695805081,2022/08/25 3:04:16,ランチタイム ランニング,ランニング,,1207,3.43,,,false,,activities/7695805081.gpx,,,1207.0,1207.0,3431.830078125,3.9580078125,2.8432726860046387,0.0,0.30000001192092896,4.199999809265137,5.300000190734863,1.4419615268707275,-0.008741691708564758,,,,,,,,,,,,,,,,,,,,,,,0.0,,0.0,,1.0,3432.800048828125,,,,,,,,,,,,,,,,,,,,,,,,,,0.0,2.8432726860046387,0.0,,,
7725835490,2022/08/30 14:54:02,夜のランニング,ランニング,,1884,5.01,,,false,,activities/7725835490.gpx,,,1884.0,1884.0,5018.60986328125,4.07000732421875,2.6638057231903076,0.0,2.4000000953674316,4.199999809265137,7.199999809265137,1.2903225421905518,-0.047822006046772,,,,,,,,,,,,,,,,,,,,,,,0.0,,0.0,,1.0,5016.7998046875,,,,,,,,,,,,,,,,,,,,,,,,,,0.0,2.6638057231903076,129.89999389648438,,,
7740397505,2022/09/02 6:03:21,午後のランニング,ランニング,,1206,3.46,,,false,,activities/7740397505.gpx,,,1206.0,1206.0,3462.0400390625,4.31201171875,2.8706798553466797,0.0,0.8999999761581421,4.199999809265137,6.599999904632568,2.7836015224456787,-0.02599623240530491,,,,,,,,,,,,,,,,,,,,,,,0.0,,0.0,,1.0,3463.39990234375,,,,,,,,,,,,,,,,,,,,,,,,,,0.0,2.8706798553466797,13.0,,,
7744894243,2022/09/03 3:08:14,ランチタイム ランニング,ランニング,,1203,3.46,,,false,,activities/7744894243.gpx,,,1203.0,1203.0,3460.06005859375,4.285998344421387,2.876192808151245,0.0,-0.20000000298023224,4.199999809265137,5.400000095367432,3.0896108150482178,0.005780246574431658,,,,,,,,,,,,,,,,,,,,,,,0.0,,0.0,,1.0,3462.60009765625,,,,,,,,,,,,,,,,,,,,,,,,,,0.0,2.876192808151245,0.0,,,
7750535412,2022/09/04 3:56:48,ランチタイム ランニング,ランニング,,1217,3.41,,,false,,activities/7750535412.gpx,,,1217.0,1217.0,3417.10009765625,4.097998142242432,2.8078062534332275,0.0,0.30000001192092896,4.199999809265137,5.300000190734863,1.2714574337005615,-0.008779373951256275,,,,,,,,,,,,,,,,,,,,,,,0.0,,0.0,,1.0,3418.0,,,,,,,,,,,,,,,,,,,,,,,,,,0.0,2.8078062534332275,0.0,,,
7758439497,2022/09/05 13:51:20,夜のランニング,ランニング,,2246,6.02,,,false,,activities/7758439497.gpx,,,2246.0,2246.0,6019.6201171875,5.859999656677246,2.6801514625549316,8.805476188659668,12.505475997924805,3.299999952316284,7.800000190734863,8.048139572143555,-0.06146567314863205,,,,,,,,,,,,,,,,,,,,,,,0.0,,0.0,,1.0,6028.2001953125,,,,,,,,,,,,,,,,,,,,,,,,,,0.0,2.6801514625549316,74.4000015258789,,,
7768738996,2022/09/07 10:53:38,夕方のランニング,ランニング,,1896,5.36,,,false,,activities/7768738996.gpx,,,1896.0,1896.0,5362.5400390625,4.2779998779296875,2.8283438682556152,8.779642105102539,9.579641342163086,3.700000047683716,7.5,5.1348161697387695,-0.014918303117156029,,,,,,,,,,,,,,,,,,,,,,,0.0,,0.0,,1.0,5372.2001953125,,,,,,,,,,,,,,,,,,,,,,,,,,0.0,2.8283438682556152,71.5999984741211,,,
7772948755,2022/09/08 3:31:04,ランチタイム ランニング,ランニング,,1245,3.46,,,false,,activities/7772948755.gpx,,,1245.0,1245.0,3466.639892578125,4.0260009765625,2.784449815750122,0.0,0.6000000238418579,4.199999809265137,6.300000190734863,3.048753261566162,-0.0173078253865242,,,,,,,,,,,,,,,,,,,,,,,0.0,,0.0,,1.0,3468.0,,,,,,,,,,,,,,,,,,,,,,,,,,0.0,2.784449815750122,11.300000190734863,,,
7778026706,2022/09/09 3:55:16,ランチタイム ランニング,ランニング,,1221,3.55,,,false,,activities/7778026706.gpx,,,1221.0,1221.0,3551.60009765625,4.462011814117432,2.9087634086608887,2.4437499046325684,0.7437499761581421,4.199999809265137,6.900000095367432,2.9027514457702637,0.04786574840545654,,,,,,,,,,,,,,,,,,,,,,,0.0,,0.0,,1.0,3557.800048828125,,,,,,,,,,,,,,,,,,,,,,,,,,0.0,2.9087634086608887,0.0,,,
7795949550,2022/09/12 12:51:42,夜のランニング,ランニング,,1878,5.24,,,false,,activities/7795949550.gpx,,,1878.0,1878.0,5248.52001953125,4.723974704742432,2.794739007949829,8.789186477661133,9.089186668395996,3.700000047683716,7.5,5.164148807525635,-0.005715896841138601,,,,,,,,,,,,,,,,,,,,,,,0.0,,0.0,,1.0,5259.10009765625,,,,,,,,,,,,,,,,,,,,,,,,,,0.0,2.794739007949829,60.400001525878906,,,
7801330298,2022/09/13 12:45:42,夜のランニング,ランニング,,1815,5.02,,,false,,activities/7801330298.gpx,,,1815.0,1815.0,5025.47998046875,4.310009956359863,2.768859386444092,8.8268461227417,8.8268461227417,3.700000047683716,7.5,5.46941614151001,0.0,,,,,,,,,,,,,,,,,,,,,,,0.0,,0.0,,1.0,5036.7998046875,,,,,,,,,,,,,,,,,,,,,,,,,,0.0,2.768859386444092,0.0,,,
7812503751,2022/09/15 14:02:22,夜のランニング,ランニング,,1781,5.02,,,false,,activities/7812503751.gpx,,,1781.0,1781.0,5028.02978515625,4.246045112609863,2.8231496810913086,8.794608116149902,8.794608116149902,3.700000047683716,7.5,5.110736846923828,0.0,,,,,,,,,,,,,,,,,,,,,,,0.0,,0.0,,1.0,5039.2001953125,,,,,,,,,,,,,,,,,,,,,,,,,,0.0,2.8231496810913086,0.0,,,
7817341232,2022/09/16 13:10:41,夜のランニング,ランニング,,1802,5.04,,,false,,activities/7817341232.gpx,,,1802.0,1798.0,5048.93994140625,4.082000732421875,2.808086633682251,8.778515815734863,9.978515625,3.700000047683716,7.5,5.170166969299316,-0.023767365142703056,,,,,,,,,,,,,,,,,,,,,,,0.0,,0.0,,1.0,5058.2001953125,,,,,,,,,,,,,,,,,,,,,,,,,,0.0,2.8018534183502197,21.200000762939453,,,
7820166807,2022/09/17 3:53:20,ランチタイム ランニング,ランニング,,1204,3.38,,,false,,activities/7820166807.gpx,,,1204.0,1204.0,3383.5,4.269995212554932,2.810215950012207,3.0999999046325684,1.7000000476837158,4.199999809265137,7.300000190734863,3.0721919536590576,0.041377272456884384,,,,,,,,,,,,,,,,,,,,,,,0.0,,0.0,,1.0,3389.199951171875,,,,,,,,,,,,,,,,,,,,,,,,,,0.0,2.810215950012207,7.300000190734863,,,
7832128938,2022/09/19 9:27:20,夕方のランニング,ランニング,,1739,5.01,,,false,,activities/7832128938.gpx,,,1739.0,1739.0,5012.669921875,4.045996189117432,2.8825013637542725,0.0,1.399999976158142,4.199999809265137,6.5,1.162101149559021,-0.02792922779917717,,,,,,,,,,,,,,,,,,,,,,,0.0,,0.0,,1.0,5012.7998046875,,,,,,,,,,,,,,,,,,,,,,,,,,0.0,2.8825013637542725,114.9000015258789,,,
7838184335,2022/09/20 12:20:24,夜のランニング,ランニング,,3622,10.01,,,false,,activities/7838184335.gpx,,,3622.0,3622.0,10014.259765625,4.650000095367432,2.7648425102233887,11.406723022460938,13.106722831726074,3.700000047683716,9.5,12.142207145690918,-0.01697579212486744,,,,,,,,,,,,,,,,,,,,,,,0.0,,0.0,,1.0,10032.099609375,,,,,,,,,,,,,,,,,,,,,,,,,,0.0,2.7648425102233887,135.39999389648438,,,
7843471754,2022/09/21 11:35:19,夕方のランニング,ランニング,,2241,6.11,,,false,,activities/7843471754.gpx,,,2241.0,2241.0,6113.0400390625,4.344018459320068,2.727818012237549,0.0,-0.10000000149011612,4.199999809265137,5.300000190734863,1.84843111038208,0.001635847263969481,,,,,,,,,,,,,,,,,,,,,,,0.0,,0.0,,1.0,6115.5,,,,,,,,,,,,,,,,,,,,,,,,,,0.0,2.727818012237549,164.8000030517578,,,
7869745274,2022/09/26 12:41:48,夜のランニング,ランニング,,1662,5.01,,,false,,activities/7869745274.gpx,,,1662.0,1662.0,5010.31005859375,4.110009670257568,3.014626979827881,0.0,-0.30000001192092896,4.199999809265137,5.599999904632568,2.3460679054260254,0.005987653508782387,,,,,,,,,,,,,,,,,,,,,,,0.0,,0.0,,1.0,5012.60009765625,,,,,,,,,,,,,,,,,,,,,,,,,,0.0,3.014626979827881,166.10000610351562,,,
7872900630,2022/09/27 3:31:58,ランチタイム ランニング,ランニング,,1202,3.65,,,false,,activities/7872900630.gpx,,,1202.0,1202.0,3652.56005859375,5.013964653015137,3.0387353897094727,0.0,0.10000000149011612,4.199999809265137,5.300000190734863,1.5494976043701172,-0.002737805712968111,,,,,,,,,,,,,,,,,,,,,,,0.0,,0.0,,1.0,3653.5,,,,,,,,,,,,,,,,,,,,,,,,,,0.0,3.0387353897094727,53.099998474121094,,,
7879368707,2022/09/28 11:04:43,夕方のランニング,ランニング,,1746,5.01,,,false,,activities/7879368707.gpx,,,1746.0,1746.0,5015.52001953125,4.287988185882568,2.872577428817749,0.0,0.10000000149011612,4.199999809265137,5.300000190734863,0.9794356822967529,-0.001993811223655939,,,,,,,,,,,,,,,,,,,,,,,0.0,,0.0,,1.0,5017.10009765625,,,,,,,,,,,,,,,,,,,,,,,,,,0.0,2.872577428817749,111.69999694824219,,,
7884648406,2022/09/29 11:58:54,夕方のランニング,ランニング,,3002,8.40,,,false,,activities/7884648406.gpx,,,3002.0,3002.0,8402.75,4.092968940734863,2.7990505695343018,13.950413703918457,14.550414085388184,3.700000047683716,11.399999618530273,10.012527465820312,-0.007140519563108683,,,,,,,,,,,,,,,,,,,,,,,0.0,,0.0,,1.0,8424.400390625,,,,,,,,,,,,,,,,,,,,,,,,,,0.0,2.7990505695343018,161.10000610351562,,,
7891689524,2022/09/30 23:00:39,朝のランニング,ランニング,,1202,3.39,,,false,,activities/7891689524.gpx,,,1202.0,1195.0,3397.7900390625,4.637988090515137,2.843338966369629,0.0,-1.5,4.300000190734863,6.599999904632568,2.695401906967163,0.0441463403403759,,,,,,,,,,,,,,,,,,,,,,,0.0,,0.0,,1.0,3403.60009765625,,,,,,,,,,,,,,,,,,,,,,,,,,0.0,2.826780319213867,55.79999923706055,,,
7919679179,2022/10/06 10:18:16,夕方のランニング,ランニング,,1723,5.01,,,false,,activities/7919679179.gpx,,,1723.0,1719.0,5013.7001953125,4.391992092132568,2.916637659072876,8.802373886108398,8.802373886108398,3.700000047683716,7.5,5.194838047027588,0.0,,,,,,,,,,,,,,,,,,,,,,,0.0,,0.0,,1.0,5024.0,,,,,,,,,,,,,,,,,,,,,,,,,,0.0,2.9098665714263916,52.900001525878906,,,
7924777880,2022/10/07 10:34:23,夕方のランニング,ランニング,,1612,5.01,,,false,,activities/7924777880.gpx,,,1612.0,1609.0,5013.85986328125,4.881666660308838,3.1161341667175293,0.0,-0.30000001192092896,4.199999809265137,5.300000190734863,1.585400104522705,0.005983414128422737,,,,,,,,,,,,,,,,,,,,,,,0.0,,0.0,,1.0,5015.89990234375,,,,,,,,,,,,,,,,,,,,,,,,,,0.0,3.110334873199463,167.3000030517578,,,
7945879354,2022/10/11 11:28:56,夕方のランニング,ランニング,,1658,5.01,,,false,,activities/7945879354.gpx,,,1658.0,1658.0,5017.2099609375,4.473974704742432,3.026061534881592,9.182417869567871,8.882417678833008,3.700000047683716,7.5,4.857325077056885,0.005979418754577637,,,,,,,,,,,,,,,,,,,,,,,0.0,,0.0,,1.0,5028.39990234375,,,,,,,,,,,,,,,,,,,,,,,,,,0.0,3.026061534881592,54.599998474121094,,,
7951894091,2022/10/12 13:21:16,夜のランニング,ランニング,,1622,5.01,,,false,,activities/7951894091.gpx,,,1622.0,1622.0,5015.60986328125,4.464996337890625,3.092237949371338,0.0,-0.5,4.199999809265137,5.300000190734863,1.3908319473266602,0.009968877770006657,,,,,,,,,,,,,,,,,,,,,,,0.0,,0.0,,1.0,5018.10009765625,,,,,,,,,,,,,,,,,,,,,,,,,,0.0,3.092237949371338,159.89999389648438,,,
7956847420,2022/10/13 12:58:11,夜のランニング,ランニング,,1776,5.01,,,false,,activities/7956847420.gpx,,,1776.0,1776.0,5016.77001953125,4.133984565734863,2.8247578144073486,0.0,-0.20000000298023224,4.199999809265137,5.300000190734863,1.8518644571304321,0.0039866287261247635,,,,,,,,,,,,,,,,,,,,,,,0.0,,0.0,,1.0,5018.60009765625,,,,,,,,,,,,,,,,,,,,,,,,,,0.0,2.8247578144073486,109.5999984741211,,,
7966611630,2022/10/15 13:23:01,夜のランニング,ランニング,,1552,5.01,,,false,,activities/7966611630.gpx,,,1552.0,1552.0,5016.41015625,4.971972465515137,3.2322230339050293,0.0,1.600000023841858,4.199999809265137,6.599999904632568,1.5151851177215576,-0.031895317137241364,,,,,,,,,,,,,,,,,,,,,,,0.0,,0.0,,1.0,5015.7998046875,,,,,,,,,,,,,,,,,,,,,,,,,,0.0,3.2322230339050293,77.9000015258789,,,
7972018956,2022/10/16 12:13:44,夜のランニング,ランニング,,3480,10.01,,,false,,activities/7972018956.gpx,,,3480.0,3480.0,10016.6796875,4.650000095367432,2.8783562183380127,0.0,0.10000000149011612,4.199999809265137,5.300000190734863,1.6764212846755981,-0.0009983348427340388,,,,,,,,,,,,,,,,,,,,,,,0.0,,0.0,,1.0,10020.2001953125,,,,,,,,,,,,,,,,,,,,,,,,,,0.0,2.8783562183380127,246.3000030517578,,,
7982222613,2022/10/18 13:23:14,夜のランニング,ランニング,,1593,5.01,,,false,,activities/7982222613.gpx,,,1593.0,1589.0,5010.64013671875,4.5439453125,3.1533291339874268,0.0,0.0,4.199999809265137,5.300000190734863,1.349499225616455,0.0,,,,,,,,,,,,,,,,,,,,,,,0.0,,0.0,,1.0,5012.5,,,,,,,,,,,,,,,,,,,,,,,,,,0.0,3.145411252975464,112.4000015258789,,,
7987506276,2022/10/19 13:18:46,夜のランニング,ランニング,,1764,5.01,,,false,,activities/7987506276.gpx,,,1764.0,1764.0,5018.31982421875,4.047949314117432,2.8448524475097656,0.0,-0.4000000059604645,4.199999809265137,5.300000190734863,1.3518152236938477,0.007970795035362244,,,,,,,,,,,,,,,,,,,,,,,0.0,,0.0,,1.0,5020.7001953125,,,,,,,,,,,,,,,,,,,,,,,,,,0.0,2.8448524475097656,166.6999969482422,,,
7995391298,2022/10/21 4:21:51,午後のランニング,ランニング,,1201,3.67,,,false,,activities/7995391298.gpx,,,1201.0,1201.0,3673.409912109375,4.852002143859863,3.058626174926758,0.0,0.20000000298023224,4.199999809265137,5.300000190734863,1.3568530082702637,-0.005444532725960016,,,,,,,,,,,,,,,,,,,,,,,0.0,,0.0,,1.0,3674.5,,,,,,,,,,,,,,,,,,,,,,,,,,0.0,3.058626174926758,58.400001525878906,,,
8008115806,2022/10/23 14:58:01,夜のランニング,ランニング,,1738,5.01,,,false,,activities/8008115806.gpx,,,1738.0,1735.0,5011.3701171875,4.109961032867432,2.888397693634033,0.0,0.20000000298023224,4.199999809265137,5.300000190734863,1.5191892385482788,-0.003990924451500177,,,,,,,,,,,,,,,,,,,,,,,0.0,,0.0,,1.0,5012.60009765625,,,,,,,,,,,,,,,,,,,,,,,,,,0.0,2.8834121227264404,112.9000015258789,,,
8012423646,2022/10/24 14:32:40,夜のランニング,ランニング,,3475,10.01,,,false,,activities/8012423646.gpx,,,3475.0,3472.0,10010.5302734375,5.297997951507568,2.8832173347473145,0.0,0.10000000149011612,4.199999809265137,5.300000190734863,1.6487541198730469,-0.0009989481186494231,,,,,,,,,,,,,,,,,,,,,,,0.0,,0.0,,1.0,10013.7998046875,,,,,,,,,,,,,,,,,,,,,,,,,,0.0,2.880728244781494,280.1000061035156,,,
8031930911,2022/10/28 12:55:08,夜のランニング,ランニング,,1521,5.01,,,false,,activities/8031930911.gpx,,,1521.0,1521.0,5011.27001953125,4.7919921875,3.2947206497192383,0.0,-0.4000000059604645,4.199999809265137,5.300000190734863,1.3821728229522705,0.007982008159160614,,,,,,,,,,,,,,,,,,,,,,,0.0,,0.0,,1.0,5013.7998046875,,,,,,,,,,,,,,,,,,,,,,,,,,0.0,3.2947206497192383,167.8000030517578,,,
8034820220,2022/10/29 4:41:29,午後のランニング,ランニング,,1200,3.71,,,false,,activities/8034820220.gpx,,,1200.0,1200.0,3717.81005859375,4.646044731140137,3.098175048828125,0.0,0.10000000149011612,4.199999809265137,5.300000190734863,1.1933166980743408,-0.0026897555217146873,,,,,,,,,,,,,,,,,,,,,,,0.0,,0.0,,1.0,3719.0,,,,,,,,,,,,,,,,,,,,,,,,,,0.0,3.098175048828125,54.70000076293945,,,
8042037663,2022/10/30 11:01:57,夕方のランニング,ランニング,,3424,10.02,,,false,,activities/8042037663.gpx,,,3424.0,3424.0,10020.419921875,4.724023342132568,2.9265244007110596,0.0,-0.20000000298023224,4.199999809265137,5.300000190734863,1.3342888355255127,0.0019959243945777416,,,,,,,,,,,,,,,,,,,,,,,0.0,,0.0,,1.0,10024.400390625,,,,,,,,,,,,,,,,,,,,,,,,,,0.0,2.9265244007110596,221.8000030517578,,,
8047746651,2022/10/31 13:51:30,夜のランニング,ランニング,,1624,5.01,,,false,,activities/8047746651.gpx,,,1624.0,1621.0,5014.509765625,4.929980278015137,3.0934667587280273,0.0,0.0,4.199999809265137,5.300000190734863,1.7182289361953735,0.0,,,,,,,,,,,,,,,,,,,,,,,0.0,,0.0,,1.0,5016.39990234375,,,,,,,,,,,,,,,,,,,,,,,,,,0.0,3.087752342224121,108.69999694824219,,,
8057020058,2022/11/02 11:10:33,夕方のランニング,ランニング,,1558,5.00,,,false,,activities/8057020058.gpx,,,1558.0,1558.0,5008.25,4.960009574890137,3.2145378589630127,0.0,-0.30000001192092896,4.199999809265137,5.300000190734863,1.3288993835449219,0.005990116391330957,,,,,,,,,,,,,,,,,,,,,,,0.0,,0.0,,1.0,5010.39990234375,,,,,,,,,,,,,,,,,,,,,,,,,,0.0,3.2145378589630127,172.8000030517578,,,
8060452603,2022/11/03 0:29:37,朝のランニング,ランニング,,1201,3.83,,,false,,activities/8060452603.gpx,,,1201.0,1201.0,3834.070068359375,5.313989162445068,3.1923980712890625,0.0,0.10000000149011612,4.199999809265137,5.300000190734863,1.3253732919692993,-0.0026081944815814495,,,,,,,,,,,,,,,,,,,,,,,0.0,,0.0,,1.0,3835.300048828125,,,,,,,,,,,,,,,,,,,,,,,,,,0.0,3.1923980712890625,23.899999618530273,,,
8082245278,2022/11/07 13:36:49,夜のランニング,ランニング,,3281,10.01,,,false,,activities/8082245278.gpx,,,3281.0,3278.0,10010.83984375,5.3720703125,3.0539474487304688,0.0,0.0,4.199999809265137,5.300000190734863,2.347367525100708,0.0,,,,,,,,,,,,,,,,,,,,,,,0.0,,0.0,,1.0,10014.7998046875,,,,,,,,,,,,,,,,,,,,,,,,,,0.0,3.0511550903320312,223.6999969482422,,,
8084664592,2022/11/07 23:45:17,朝のランニング,ランニング,,982,3.01,,,false,,activities/8084664592.gpx,,,982.0,982.0,3011.489990234375,4.6583333015441895,3.066690444946289,2.799999952316284,2.0,4.5,7.300000190734863,2.759859800338745,0.02656492218375206,,,,,,,,,,,,,,,,,,,,,,,0.0,,0.0,,1.0,3015.60009765625,,,,,,,,,,,,,,,,,,,,,,,,,,0.0,3.066690444946289,11.0,,,
8091411415,2022/11/09 11:06:34,夕方のランニング,ランニング,,1490,5.01,,,false,,activities/8091411415.gpx,,,1490.0,1487.0,5011.60986328125,4.862011909484863,3.3702824115753174,0.0,1.399999976158142,4.199999809265137,6.400000095367432,1.368915319442749,-0.02793513610959053,,,,,,,,,,,,,,,,,,,,,,,0.0,,0.0,,1.0,5011.0,,,,,,,,,,,,,,,,,,,,,,,,,,0.0,3.3634965419769287,169.6999969482422,,,
8096521763,2022/11/10 12:06:36,夜のランニング,ランニング,,1609,5.01,,,false,,activities/8096521763.gpx,,,1609.0,1605.0,5010.10986328125,4.841992378234863,3.121563673019409,5.0,1.5,4.199999809265137,10.199999809265137,17.8499698638916,0.06985874474048615,,,,,,,,,,,,,,,,,,,,,,,0.0,,0.0,,1.0,5034.5,,,,,,,,,,,,,,,,,,,,,,,,,,0.0,3.1138036251068115,165.0,,,
8099870254,2022/11/11 3:34:44,ランチタイム ランニング,ランニング,,921,3.01,,,false,,activities/8099870254.gpx,,,921.0,921.0,3013.7099609375,4.568017482757568,3.272214889526367,0.0,1.0,4.800000190734863,5.900000095367432,0.8424603343009949,-0.03318169340491295,,,,,,,,,,,,,,,,,,,,,,,0.0,,0.0,,1.0,3013.10009765625,,,,,,,,,,,,,,,,,,,,,,,,,,0.0,3.272214889526367,187.8000030517578,,,
8106678856,2022/11/12 13:08:20,夜のランニング,ランニング,,3369,10.00,,,false,,activities/8106678856.gpx,,,3369.0,3369.0,10004.7998046875,4.428002834320068,2.9696645736694336,28.114582061767578,28.414581298828125,7.900000095367432,26.5,15.482097625732422,-0.002998560667037964,,,,,,,,,,,,,,,,,,,,,,,0.0,,0.0,,1.0,10064.099609375,,,,,,,,,,,,,,,,,,,,,,,,,,0.0,2.9696645736694336,0.0,,,
8124473314,2022/11/16 3:25:17,ランチタイム ランニング,ランニング,,1202,3.70,,,false,,activities/8124473314.gpx,,,1202.0,1202.0,3708.949951171875,4.240014553070068,3.085648775100708,11.980416297912598,13.68041706085205,3.9000000953674316,11.600000381469727,20.09636116027832,-0.04583507403731346,,,,,,,,,,,,,,,,,,,,,,,0.0,,0.0,,1.0,3748.199951171875,,,,,,,,,,,,,,,,,,,,,,,,,,0.0,3.085648775100708,14.5,,,
8130478113,2022/11/17 12:32:21,夜のランニング,ランニング,,1491,5.00,,,false,,activities/8130478113.gpx,,,1491.0,1491.0,5005.33984375,5.440014839172363,3.3570353984832764,0.0,2.5999999046325684,4.199999809265137,7.5,1.18552827835083,-0.05194452404975891,,,,,,,,,,,,,,,,,,,,,,,0.0,,0.0,,1.0,5003.39990234375,,,,,,,,,,,,,,,,,,,,,,,,,,0.0,3.3570353984832764,178.5,,,
8135223792,2022/11/18 14:16:50,夜のランニング,ランニング,,1611,5.00,,,false,,activities/8135223792.gpx,,,1611.0,1611.0,5003.490234375,4.991991996765137,3.1058287620544434,0.0,1.7999999523162842,4.199999809265137,6.800000190734863,1.6339882612228394,-0.035974886268377304,,,,,,,,,,,,,,,,,,,,,,,0.0,,0.0,,1.0,5002.60009765625,,,,,,,,,,,,,,,,,,,,,,,,,,0.0,3.1058287620544434,185.89999389648438,,,
8148972015,2022/11/21 14:51:35,夜のランニング,ランニング,,1590,5.01,,,false,,activities/8148972015.gpx,,,1590.0,1590.0,5011.52978515625,4.798047065734863,3.1519055366516113,0.0,1.899999976158142,4.199999809265137,6.900000095367432,1.3633110523223877,-0.03791257366538048,,,,,,,,,,,,,,,,,,,,,,,0.0,,0.0,,1.0,5010.5,,,,,,,,,,,,,,,,,,,,,,,,,,0.0,3.1519055366516113,182.10000610351562,,,
8152585026,2022/11/22 11:42:27,夕方のランニング,ランニング,,1557,5.00,,,false,,activities/8152585026.gpx,,,1557.0,1557.0,5008.8798828125,6.316015720367432,3.2170069217681885,4.290909290313721,2.890909194946289,4.199999809265137,9.800000190734863,17.543903350830078,0.027950361371040344,,,,,,,,,,,,,,,,,,,,,,,0.0,,0.0,,1.0,5029.5,,,,,,,,,,,,,,,,,,,,,,,,,,0.0,3.2170069217681885,182.3000030517578,,,
8161699058,2022/11/24 11:15:15,夕方のランニング,ランニング,,5315,15.01,,,false,,activities/8161699058.gpx,,,5315.0,5303.0,15015.2802734375,5.6240234375,2.8314690589904785,40.114295959472656,42.81429672241211,1.0,14.600000381469727,35.770084381103516,-0.01798168197274208,,,,,,,,,,,,,,,,,,,,,,,0.0,,0.0,,1.0,15202.900390625,,,,,,,,,,,,,,,,,,,,,,,,,,0.0,2.8250763416290283,389.1000061035156,,,
8164928796,2022/11/25 3:38:50,ランチタイム ランニング,ランニング,,829,2.50,,,false,,activities/8164928796.gpx,,,829.0,829.0,2505.77001953125,4.261999607086182,3.022641658782959,0.0,1.100000023841858,3.799999952316284,5.300000190734863,1.4005573987960815,-0.04389868304133415,,,,,,,,,,,,,,,,,,,,,,,0.0,,0.0,,1.0,2504.699951171875,,,,,,,,,,,,,,,,,,,,,,,,,,0.0,3.022641658782959,54.79999923706055,,,
8173768131,2022/11/27 4:38:13,午後のランニング,ランニング,,1841,5.27,,,false,,activities/8173768131.gpx,,,1841.0,1726.0,5277.56005859375,5.267992973327637,3.057682514190674,30.18622589111328,28.786226272583008,9.800000190734863,35.20000076293945,6.636254787445068,0.026527410373091698,,,,,,,,,,,,,,,,,,,,,,,0.0,,0.0,,1.0,5309.5,,,,,,,,,,,,,,,,,,,,,,,,,,0.0,2.8666810989379883,0.0,,,
8180066830,2022/11/28 12:58:55,夜のランニング,ランニング,,3295,10.00,,,false,,activities/8180066830.gpx,,,3295.0,3295.0,10002.8896484375,6.508008003234863,3.035778284072876,2.5516483783721924,0.2516483664512634,2.299999952316284,8.699999809265137,18.933095932006836,0.022993355989456177,,,,,,,,,,,,,,,,,,,,,,,0.0,,0.0,,1.0,10033.7998046875,,,,,,,,,,,,,,,,,,,,,,,,,,0.0,3.035778284072876,291.0,,,
8189240341,2022/11/30 13:26:30,夜のランニング,ランニング,,3233,10.00,,,false,,activities/8189240341.gpx,,,3233.0,3233.0,10006.900390625,5.272000312805176,3.0952367782592773,0.0,1.7000000476837158,4.199999809265137,6.900000095367432,1.3046247959136963,-0.016988277435302734,,,,,,,,,,,,,,,,,,,,,,,0.0,,0.0,,1.0,10007.599609375,,,,,,,,,,,,,,,,,,,,,,,,,,0.0,3.0952367782592773,356.79998779296875,,,
8191874173,2022/12/01 3:44:01,ランチタイム ランニング,ランニング,,1201,3.69,,,false,,activities/8191874173.gpx,,,1201.0,1201.0,3690.72998046875,5.008008003234863,3.073047399520874,0.0,0.8999999761581421,4.199999809265137,6.099999904632568,1.3495326042175293,-0.024385420605540276,,,,,,,,,,,,,,,,,,,,,,,0.0,,0.0,,1.0,3690.699951171875,,,,,,,,,,,,,,,,,,,,,,,,,,0.0,3.073047399520874,8.899999618530273,,,
8197705576,2022/12/02 13:19:21,夜のランニング,ランニング,,3406,10.00,,,false,,activities/8197705576.gpx,,,3406.0,3402.0,10005.2001953125,5.349999904632568,2.9409759044647217,0.0,1.2999999523162842,3.4000000953674316,6.199999809265137,8.709797859191895,-0.012993243522942066,,,,,,,,,,,,,,,,,,,,,,,0.0,,0.0,,1.0,10010.7001953125,,,,,,,,,,,,,,,,,,,,,,,,,,0.0,2.9375221729278564,285.29998779296875,,,
8204381840,2022/12/04 4:09:09,午後のランニング,ランニング,,1229,4.06,,,false,,activities/8204381840.gpx,,,1229.0,1229.0,4061.3798828125,5.111987113952637,3.304621458053589,0.0,-0.5,4.199999809265137,5.300000190734863,1.386970043182373,0.012311086989939213,,,,,,,,,,,,,,,,,,,,,,,0.0,,0.0,,1.0,4063.699951171875,,,,,,,,,,,,,,,,,,,,,,,,,,0.0,3.304621458053589,56.0,,,
8219256824,2022/12/07 13:43:39,夜のランニング,ランニング,,1503,5.00,,,false,,activities/8219256824.gpx,,,1503.0,1503.0,5007.85986328125,4.382006645202637,3.331909418106079,0.0,1.0,4.199999809265137,5.900000095367432,1.3633110523223877,-0.019968610256910324,,,,,,,,,,,,,,,,,,,,,,,0.0,,0.0,,1.0,5008.0,,,,,,,,,,,,,,,,,,,,,,,,,,0.0,3.331909418106079,170.8000030517578,,,
8223676662,2022/12/08 13:26:31,夜のランニング,ランニング,,3501,10.00,,,false,,activities/8223676662.gpx,,,3501.0,3498.0,10004.0498046875,9.660058975219727,2.859934091567993,0.0,3.0999999046325684,3.4000000953674316,7.099999904632568,5.3856940269470215,-0.03098745085299015,,,,,,,,,,,,,,,,,,,,,,,0.0,,0.0,,1.0,10005.0,,,,,,,,,,,,,,,,,,,,,,,,,,0.0,2.8574836254119873,296.1000061035156,,,
8226115962,2022/12/09 4:00:52,午後のランニング,ランニング,,981,3.00,,,false,,activities/8226115962.gpx,,,981.0,978.0,3008.0400390625,5.606005668640137,3.0757055282592773,0.0,-0.20000000298023224,4.5,5.300000190734863,1.594922423362732,0.006648847833275795,,,,,,,,,,,,,,,,,,,,,,,0.0,,0.0,,1.0,3009.300048828125,,,,,,,,,,,,,,,,,,,,,,,,,,0.0,3.0662996768951416,60.599998474121094,,,
8243259049,2022/12/13 12:04:57,夜のランニング,ランニング,,1262,4.04,,,false,,activities/8243259049.gpx,,,1262.0,1262.0,4041.320068359375,7.019999980926514,3.2023138999938965,0.0,3.299999952316284,3.700000047683716,7.900000095367432,4.964146614074707,-0.08165648579597473,,,,,,,,,,,,,,,,,,,,,,,0.0,,0.0,,1.0,4039.89990234375,1670932736.0,2.0,10.880000114440918,10.880000114440918,4.340000152587891,0.6399999856948853,1016.0,3.6600000858306885,8.229999542236328,273.0,0.0,1670882304.0,1670917760.0,0.6600000262260437,,,0.0,,0.800000011920929,16093.0,0.0,255.3000030517578,,,,0.0,3.2023138999938965,140.60000610351562,,,
8255071310,2022/12/16 13:43:26,夜のランニング,ランニング,,1481,5.01,,,false,,activities/8255071310.gpx,,,1481.0,1481.0,5009.47998046875,5.77001953125,3.382498264312744,0.0,0.699999988079071,3.799999952316284,5.300000190734863,1.7182649374008179,-0.013973506167531013,,,,,,,,,,,,,,,,,,,,,,,0.0,,0.0,,1.0,5010.39990234375,1671195648.0,2.0,6.230000019073486,6.230000019073486,2.140000104904175,0.75,1024.9000244140625,1.1699999570846558,2.2699999809265137,29.0,0.0,1671141632.0,1671176960.0,0.75,,,0.0,,0.550000011920929,16093.0,0.0,268.29998779296875,,,,0.0,3.382498264312744,112.80000305175781,,,
8258403917,2022/12/17 12:00:14,夜のランニング,ランニング,,1489,5.00,,,false,,activities/8258403917.gpx,,,1489.0,1489.0,5002.18017578125,4.4599609375,3.359422445297241,0.0,0.20000000298023224,4.199999809265137,5.300000190734863,1.3440746068954468,-0.003998256754130125,,,,,,,,,,,,,,,,,,,,,,,0.0,,0.0,,1.0,5003.60009765625,1671278336.0,5.0,5.619999885559082,3.380000114440918,1.7799999713897705,0.7599999904632568,1014.5999755859375,2.819999933242798,5.039999961853027,262.0,0.26579999923706055,1671228032.0,1671263360.0,0.7900000214576721,,,0.47999998927116394,5.0,0.9900000095367432,16093.0,0.0,281.8999938964844,,,,0.0,3.359422445297241,163.8000030517578,,,
8261054859,2022/12/18 1:30:08,朝のランニング,ランニング,,956,3.00,,,false,,activities/8261054859.gpx,,,956.0,956.0,3007.080078125,4.822000026702881,3.1454813480377197,0.0,0.20000000298023224,4.800000190734863,5.300000190734863,0.8257627487182617,-0.006650970317423344,,,,,,,,,,,,,,,,,,,,,,,0.0,,0.0,,1.0,3007.699951171875,1671325184.0,2.0,2.059999942779541,-3.069999933242798,-8.84000015258789,0.4399999976158142,1015.4000244140625,6.519999980926514,12.859999656677246,255.0,0.007300000172108412,1671314432.0,1671349888.0,0.8199999928474426,,,0.10999999940395355,6.0,0.38999998569488525,16093.0,2.0,293.1000061035156,,,,0.0,3.1454813480377197,177.10000610351562,,,
8265297743,2022/12/19 3:13:10,ランチタイム ランニング,ランニング,,1203,4.00,,,false,,activities/8265297743.gpx,,,1203.0,1203.0,4007.75,4.906005859375,3.331463098526001,0.0,0.800000011920929,4.199999809265137,6.0,1.2775447368621826,-0.019961325451731682,,,,,,,,,,,,,,,,,,,,,,,0.0,,0.0,,1.0,4008.10009765625,1671418752.0,2.0,3.7899999618530273,-0.8999999761581421,-8.720000267028809,0.4000000059604645,1021.7999877929688,6.650000095367432,11.319999694824219,270.0,0.0,1671400832.0,1671436288.0,0.8500000238418579,,,0.0,,0.4300000071525574,16093.0,2.0,316.8999938964844,,,,0.0,3.331463098526001,123.69999694824219,,,
8270470678,2022/12/20 13:14:07,夜のランニング,ランニング,,1468,5.00,,,false,,activities/8270470678.gpx,,,1468.0,1468.0,5006.7001953125,5.488012790679932,3.4105587005615234,0.0,1.2000000476837158,4.199999809265137,6.199999809265137,1.348610520362854,-0.023967882618308067,,,,,,,,,,,,,,,,,,,,,,,0.0,,0.0,,1.0,5006.7001953125,1671541248.0,1.0,3.549999952316284,1.899999976158142,-1.2999999523162842,0.7099999785423279,1024.800048828125,1.809999942779541,2.390000104904175,103.0,0.0,1671487360.0,1671522688.0,0.8899999856948853,,,0.0,,0.019999999552965164,16093.0,0.0,314.0,,,,0.0,3.4105587005615234,176.0,,,
8273088175,2022/12/21 3:18:03,ランチタイム ランニング,ランニング,,996,3.14,,,false,,activities/8273088175.gpx,,,996.0,986.0,3142.699951171875,4.269995212554932,3.1873223781585693,0.0,1.7999999523162842,4.5,6.699999809265137,1.4959005117416382,-0.057275593280792236,,,,,,,,,,,,,,,,,,,,,,,0.0,,0.0,,1.0,3141.199951171875,1671591552.0,2.0,8.989999771118164,7.809999942779541,-2.3499999046325684,0.44999998807907104,1016.0,2.25,3.819999933242798,78.0,0.0,1671573760.0,1671609088.0,0.9300000071525574,,,0.0,,0.6600000262260437,16093.0,2.0,307.3999938964844,,,,0.0,3.1553211212158203,127.0999984741211,,,
8280730467,2022/12/23 3:13:47,ランチタイム ランニング,ランニング,,3117,10.00,,,false,,activities/8280730467.gpx,,,3117.0,3117.0,10007.9404296875,6.638085842132568,3.2107605934143066,0.0,1.399999976158142,3.299999952316284,5.300000190734863,7.519045352935791,-0.013988892547786236,,,,,,,,,,,,,,,,,,,,,,,0.0,,0.0,,1.0,10010.900390625,1671764352.0,8.0,2.690000057220459,-3.380000114440918,-11.470000267028809,0.3400000035762787,1003.0,9.670000076293945,18.020000457763672,265.0,0.027499999850988388,1671746688.0,1671782016.0,0.0,,,0.07000000029802322,6.0,0.6800000071525574,16093.0,2.0,360.70001220703125,,,,0.0,3.2107605934143066,278.5,,,
8289899011,2022/12/25 14:33:32,夜のランニング,ランニング,,1456,5.00,,,false,,activities/8289899011.gpx,,,1456.0,1456.0,5003.259765625,4.985998630523682,3.436304807662964,0.0,2.0,4.199999809265137,7.0,1.220264196395874,-0.03997394070029259,,,,,,,,,,,,,,,,,,,,,,,0.0,,0.0,,1.0,5002.2001953125,1671976832.0,2.0,4.570000171661377,1.6299999952316284,0.2199999988079071,0.7300000190734863,1016.0,3.509999990463257,11.180000305175781,323.0,0.01140000019222498,1671919488.0,1671954816.0,0.07999999821186066,,,0.05999999865889549,5.0,0.4699999988079071,16093.0,0.0,317.70001220703125,,,,0.0,3.436304807662964,184.3000030517578,,,
8291438691,2022/12/26 3:28:19,ランチタイム ランニング,ランニング,,1207,3.77,,,false,,activities/8291438691.gpx,,,1207.0,1207.0,3769.860107421875,4.735986232757568,3.123330593109131,0.0,1.0,4.300000190734863,5.900000095367432,1.5128626823425293,-0.026526182889938354,,,,,,,,,,,,,,,,,,,,,,,0.0,,0.0,,1.0,3769.89990234375,1672023552.0,2.0,7.230000019073486,4.139999866485596,1.1200000047683716,0.6499999761581421,1019.9000244140625,4.960000038146973,9.829999923706055,315.0,0.05469999834895134,1672005888.0,1672041344.0,0.11999999731779099,,,0.12999999523162842,5.0,0.8600000143051147,16093.0,2.0,290.3999938964844,,,,0.0,3.123330593109131,117.80000305175781,,,
8297508312,2022/12/27 12:22:40,夜のランニング,ランニング,,3074,10.00,,,false,,activities/8297508312.gpx,,,3074.0,3074.0,10004.830078125,5.382031440734863,3.254661798477173,0.0,2.4000000953674316,3.0,6.800000190734863,11.049365997314453,-0.02398841269314289,,,,,,,,,,,,,,,,,,,,,,,0.0,,0.0,,1.0,10008.400390625,1672142336.0,1.0,4.690000057220459,4.690000057220459,-0.2800000011920929,0.699999988079071,1026.5999755859375,0.949999988079071,1.0399999618530273,28.0,0.0,1672092288.0,1672127744.0,0.1599999964237213,,,0.0,,0.05000000074505806,16093.0,0.0,274.8999938964844,,,,0.0,3.254661798477173,290.8999938964844,,,
8300813622,2022/12/28 6:54:42,午後のランニング,ランニング,,987,3.00,,,false,,activities/8300813622.gpx,,,987.0,987.0,3006.31005859375,4.02197265625,3.0459067821502686,0.0,0.20000000298023224,4.5,5.300000190734863,1.3717347383499146,-0.006652673706412315,,,,,,,,,,,,,,,,,,,,,,,0.0,,0.0,,1.0,3006.89990234375,1672207232.0,2.0,11.710000038146973,11.710000038146973,0.6800000071525574,0.4699999988079071,1023.5,3.7200000286102295,5.949999809265137,257.0,0.0,1672178688.0,1672214144.0,0.1899999976158142,,,0.0,,0.6399999856948853,16093.0,1.0,273.6000061035156,,,,0.0,3.0459067821502686,109.19999694824219,,,
8304774975,2022/12/29 0:22:50,朝のランニング,ランニング,,1026,3.23,,,false,,activities/8304774975.gpx,,,1026.0,1026.0,3235.06005859375,4.282031059265137,3.1530799865722656,0.0,0.800000011920929,4.5,5.800000190734863,0.983291745185852,-0.024729061871767044,,,,,,,,,,,,,,,,,,,,,,,0.0,,0.0,,1.0,3235.0,1672272000.0,1.0,5.190000057220459,3.940000057220459,-1.1100000143051147,0.6399999856948853,1026.5999755859375,1.6799999475479126,3.0399999618530273,254.0,0.0,1672265216.0,1672300544.0,0.23000000417232513,,,0.0,,0.14000000059604645,16093.0,1.0,275.1000061035156,,,,0.0,3.1530799865722656,127.9000015258789,,,
8310180518,2022/12/30 8:14:42,午後のランニング,ランニング,,1493,5.00,,,false,,activities/8310180518.gpx,,,1493.0,1493.0,5007.16015625,4.858007907867432,3.353757619857788,0.0,0.20000000298023224,4.199999809265137,5.300000190734863,1.226237177848816,-0.003994280006736517,,,,,,,,,,,,,,,,,,,,,,,0.0,,0.0,,1.0,5008.60009765625,1672387200.0,2.0,9.010000228881836,7.329999923706055,-2.680000066757202,0.4399999976158142,1027.0,2.9800000190734863,5.070000171661377,316.0,0.0,1672351616.0,1672387072.0,0.27000001072883606,,,0.0,,0.41999998688697815,16093.0,0.0,284.79998779296875,,,,0.0,3.353757619857788,160.3000030517578,,,
